Sample_name	Barcode
Elke1	G16
Elke2	H16
Elke3	I16
Elke4	J16
Elke5	K16
Elke6	L16
Elke7	M16
Elke8	N16
Elke9	O16
Elke10	P16
Elke11	A17
Elke12	B17
Elke13	C17
Elke14	D17
Elke15	E17
Elke16	F17
Elke17	G17
Elke18	H17
Elke19	I17
Elke20	J17
Elke21	K17
Elke22	L17
Elke23	M17
Elke24	N17
Elke25	O17
Elke26	P17
Elke27	A18
Elke28	B18
Elke29	C18
Elke30	D18
Elke31	E18
Elke32	F18
Elke33	G18
Elke34	H18
Elke35	I18
Elke36	J18
Elke37	K18
Elke38	L18
Elke39	M18
Elke40	N18
Elke41	O18
Elke42	P18
Elke43	A19
Elke44	B19
Elke45	C19
Elke46	D19
Elke47	E19
Elke48	F19
